trip_id,route_id,direction,service_id,dep_time,arr_time,from_stop_id,to_stop_id,travel_time_min,notes
trip_101_ob_0600,route_101,outbound,WEEKDAY,06:00,06:30,stop_route_101_001,stop_route_101_018,30,
trip_101_ob_0610,route_101,outbound,WEEKDAY,06:10,06:40,stop_route_101_001,stop_route_101_018,30,
trip_101_ob_0620,route_101,outbound,WEEKDAY,06:20,06:50,stop_route_101_001,stop_route_101_018,30,
trip_101_ob_0630,route_101,outbound,WEEKDAY,06:30,07:00,stop_route_101_001,stop_route_101_018,30,
trip_101_ob_0640,route_101,outbound,WEEKDAY,06:40,07:10,stop_route_101_001,stop_route_101_018,30,
trip_101_ob_0650,route_101,outbound,WEEKDAY,06:50,07:20,stop_route_101_001,stop_route_101_018,30,
trip_101_ob_0700,route_101,outbound,WEEKDAY,07:00,07:30,stop_route_101_001,stop_route_101_018,30,
trip_101_ob_0710,route_101,outbound,WEEKDAY,07:10,07:40,stop_route_101_001,stop_route_101_018,30,
trip_101_ob_0720,route_101,outbound,WEEKDAY,07:20,07:50,stop_route_101_001,stop_route_101_018,30,
trip_101_ob_0730,route_101,outbound,WEEKDAY,07:30,08:00,stop_route_101_001,stop_route_101_018,30,
trip_101_ob_0740,route_101,outbound,WEEKDAY,07:40,08:10,stop_route_101_001,stop_route_101_018,30,
trip_101_ob_0750,route_101,outbound,WEEKDAY,07:50,08:20,stop_route_101_001,stop_route_101_018,30,
trip_101_ob_0800,route_101,outbound,WEEKDAY,08:00,08:30,stop_route_101_001,stop_route_101_018,30,
trip_101_ob_0810,route_101,outbound,WEEKDAY,08:10,08:40,stop_route_101_001,stop_route_101_018,30,
trip_101_ob_0820,route_101,outbound,WEEKDAY,08:20,08:50,stop_route_101_001,stop_route_101_018,30,
trip_101_ob_0830,route_101,outbound,WEEKDAY,08:30,09:00,stop_route_101_001,stop_route_101_018,30,
trip_101_ob_0840,route_101,outbound,WEEKDAY,08:40,09:10,stop_route_101_001,stop_route_101_018,30,
trip_101_ob_0850,route_101,outbound,WEEKDAY,08:50,09:20,stop_route_101_001,stop_route_101_018,30,
trip_101_ob_0900,route_101,outbound,WEEKDAY,09:00,09:30,stop_route_101_001,stop_route_101_018,30,
trip_101_ob_0920,route_101,outbound,WEEKDAY,09:20,09:50,stop_route_101_001,stop_route_101_018,30,
trip_101_ob_0940,route_101,outbound,WEEKDAY,09:40,10:10,stop_route_101_001,stop_route_101_018,30,
trip_101_ob_1000,route_101,outbound,WEEKDAY,10:00,10:30,stop_route_101_001,stop_route_101_018,30,
trip_101_ob_1020,route_101,outbound,WEEKDAY,10:20,10:50,stop_route_101_001,stop_route_101_018,30,
trip_101_ob_1040,route_101,outbound,WEEKDAY,10:40,11:10,stop_route_101_001,stop_route_101_018,30,
trip_101_ob_1100,route_101,outbound,WEEKDAY,11:00,11:30,stop_route_101_001,stop_route_101_018,30,
trip_101_ob_1120,route_101,outbound,WEEKDAY,11:20,11:50,stop_route_101_001,stop_route_101_018,30,
trip_101_ob_1140,route_101,outbound,WEEKDAY,11:40,12:10,stop_route_101_001,stop_route_101_018,30,
trip_101_ob_1200,route_101,outbound,WEEKDAY,12:00,12:30,stop_route_101_001,stop_route_101_018,30,
trip_101_ob_1220,route_101,outbound,WEEKDAY,12:20,12:50,stop_route_101_001,stop_route_101_018,30,
trip_101_ob_1240,route_101,outbound,WEEKDAY,12:40,13:10,stop_route_101_001,stop_route_101_018,30,
trip_101_ob_1300,route_101,outbound,WEEKDAY,13:00,13:30,stop_route_101_001,stop_route_101_018,30,
trip_101_ob_1320,route_101,outbound,WEEKDAY,13:20,13:50,stop_route_101_001,stop_route_101_018,30,
trip_101_ob_1340,route_101,outbound,WEEKDAY,13:40,14:10,stop_route_101_001,stop_route_101_018,30,
trip_101_ob_1400,route_101,outbound,WEEKDAY,14:00,14:30,stop_route_101_001,stop_route_101_018,30,
trip_101_ob_1420,route_101,outbound,WEEKDAY,14:20,14:50,stop_route_101_001,stop_route_101_018,30,
trip_101_ob_1440,route_101,outbound,WEEKDAY,14:40,15:10,stop_route_101_001,stop_route_101_018,30,
trip_101_ob_1500,route_101,outbound,WEEKDAY,15:00,15:30,stop_route_101_001,stop_route_101_018,30,
trip_101_ob_1520,route_101,outbound,WEEKDAY,15:20,15:50,stop_route_101_001,stop_route_101_018,30,
trip_101_ob_1540,route_101,outbound,WEEKDAY,15:40,16:10,stop_route_101_001,stop_route_101_018,30,
trip_101_ob_1600,route_101,outbound,WEEKDAY,16:00,16:30,stop_route_101_001,stop_route_101_018,30,
trip_101_ob_1620,route_101,outbound,WEEKDAY,16:20,16:50,stop_route_101_001,stop_route_101_018,30,
trip_101_ob_1640,route_101,outbound,WEEKDAY,16:40,17:10,stop_route_101_001,stop_route_101_018,30,
trip_101_ob_1700,route_101,outbound,WEEKDAY,17:00,17:30,stop_route_101_001,stop_route_101_018,30,
trip_101_ob_1710,route_101,outbound,WEEKDAY,17:10,17:40,stop_route_101_001,stop_route_101_018,30,
trip_101_ob_1720,route_101,outbound,WEEKDAY,17:20,17:50,stop_route_101_001,stop_route_101_018,30,
trip_101_ob_1730,route_101,outbound,WEEKDAY,17:30,18:00,stop_route_101_001,stop_route_101_018,30,
trip_101_ob_1740,route_101,outbound,WEEKDAY,17:40,18:10,stop_route_101_001,stop_route_101_018,30,
trip_101_ob_1750,route_101,outbound,WEEKDAY,17:50,18:20,stop_route_101_001,stop_route_101_018,30,
trip_101_ob_1800,route_101,outbound,WEEKDAY,18:00,18:30,stop_route_101_001,stop_route_101_018,30,
trip_101_ob_1810,route_101,outbound,WEEKDAY,18:10,18:40,stop_route_101_001,stop_route_101_018,30,
trip_101_ob_1820,route_101,outbound,WEEKDAY,18:20,18:50,stop_route_101_001,stop_route_101_018,30,
trip_101_ob_1830,route_101,outbound,WEEKDAY,18:30,19:00,stop_route_101_001,stop_route_101_018,30,
trip_101_ob_1840,route_101,outbound,WEEKDAY,18:40,19:10,stop_route_101_001,stop_route_101_018,30,
trip_101_ob_1850,route_101,outbound,WEEKDAY,18:50,19:20,stop_route_101_001,stop_route_101_018,30,
trip_101_ob_1900,route_101,outbound,WEEKDAY,19:00,19:30,stop_route_101_001,stop_route_101_018,30,
trip_101_ob_1910,route_101,outbound,WEEKDAY,19:10,19:40,stop_route_101_001,stop_route_101_018,30,
trip_101_ob_1920,route_101,outbound,WEEKDAY,19:20,19:50,stop_route_101_001,stop_route_101_018,30,
trip_101_ob_1930,route_101,outbound,WEEKDAY,19:30,20:00,stop_route_101_001,stop_route_101_018,30,
trip_101_ob_1940,route_101,outbound,WEEKDAY,19:40,20:10,stop_route_101_001,stop_route_101_018,30,
trip_101_ob_1950,route_101,outbound,WEEKDAY,19:50,20:20,stop_route_101_001,stop_route_101_018,30,
trip_101_ob_2000,route_101,outbound,WEEKDAY,20:00,20:30,stop_route_101_001,stop_route_101_018,30,
trip_101_ob_2030,route_101,outbound,WEEKDAY,20:30,21:00,stop_route_101_001,stop_route_101_018,30,
trip_101_ob_2100,route_101,outbound,WEEKDAY,21:00,21:30,stop_route_101_001,stop_route_101_018,30,
trip_101_ob_2130,route_101,outbound,WEEKDAY,21:30,22:00,stop_route_101_001,stop_route_101_018,30,
trip_101_ob_2200,route_101,outbound,WEEKDAY,22:00,22:30,stop_route_101_001,stop_route_101_018,30,
trip_101_ib_0600,route_101,inbound,WEEKDAY,06:00,06:30,stop_route_101_018_in,stop_route_101_001_in,30,
trip_101_ib_0610,route_101,inbound,WEEKDAY,06:10,06:40,stop_route_101_018_in,stop_route_101_001_in,30,
trip_101_ib_0620,route_101,inbound,WEEKDAY,06:20,06:50,stop_route_101_018_in,stop_route_101_001_in,30,
trip_101_ib_0630,route_101,inbound,WEEKDAY,06:30,07:00,stop_route_101_018_in,stop_route_101_001_in,30,
trip_101_ib_0640,route_101,inbound,WEEKDAY,06:40,07:10,stop_route_101_018_in,stop_route_101_001_in,30,
trip_101_ib_0650,route_101,inbound,WEEKDAY,06:50,07:20,stop_route_101_018_in,stop_route_101_001_in,30,
trip_101_ib_0700,route_101,inbound,WEEKDAY,07:00,07:30,stop_route_101_018_in,stop_route_101_001_in,30,
trip_101_ib_0710,route_101,inbound,WEEKDAY,07:10,07:40,stop_route_101_018_in,stop_route_101_001_in,30,
trip_101_ib_0720,route_101,inbound,WEEKDAY,07:20,07:50,stop_route_101_018_in,stop_route_101_001_in,30,
trip_101_ib_0730,route_101,inbound,WEEKDAY,07:30,08:00,stop_route_101_018_in,stop_route_101_001_in,30,
trip_101_ib_0740,route_101,inbound,WEEKDAY,07:40,08:10,stop_route_101_018_in,stop_route_101_001_in,30,
trip_101_ib_0750,route_101,inbound,WEEKDAY,07:50,08:20,stop_route_101_018_in,stop_route_101_001_in,30,
trip_101_ib_0800,route_101,inbound,WEEKDAY,08:00,08:30,stop_route_101_018_in,stop_route_101_001_in,30,
trip_101_ib_0810,route_101,inbound,WEEKDAY,08:10,08:40,stop_route_101_018_in,stop_route_101_001_in,30,
trip_101_ib_0820,route_101,inbound,WEEKDAY,08:20,08:50,stop_route_101_018_in,stop_route_101_001_in,30,
trip_101_ib_0830,route_101,inbound,WEEKDAY,08:30,09:00,stop_route_101_018_in,stop_route_101_001_in,30,
trip_101_ib_0840,route_101,inbound,WEEKDAY,08:40,09:10,stop_route_101_018_in,stop_route_101_001_in,30,
trip_101_ib_0850,route_101,inbound,WEEKDAY,08:50,09:20,stop_route_101_018_in,stop_route_101_001_in,30,
trip_101_ib_0900,route_101,inbound,WEEKDAY,09:00,09:30,stop_route_101_018_in,stop_route_101_001_in,30,
trip_101_ib_0920,route_101,inbound,WEEKDAY,09:20,09:50,stop_route_101_018_in,stop_route_101_001_in,30,
trip_101_ib_0940,route_101,inbound,WEEKDAY,09:40,10:10,stop_route_101_018_in,stop_route_101_001_in,30,
trip_101_ib_1000,route_101,inbound,WEEKDAY,10:00,10:30,stop_route_101_018_in,stop_route_101_001_in,30,
trip_101_ib_1020,route_101,inbound,WEEKDAY,10:20,10:50,stop_route_101_018_in,stop_route_101_001_in,30,
trip_101_ib_1040,route_101,inbound,WEEKDAY,10:40,11:10,stop_route_101_018_in,stop_route_101_001_in,30,
trip_101_ib_1100,route_101,inbound,WEEKDAY,11:00,11:30,stop_route_101_018_in,stop_route_101_001_in,30,
trip_101_ib_1120,route_101,inbound,WEEKDAY,11:20,11:50,stop_route_101_018_in,stop_route_101_001_in,30,
trip_101_ib_1140,route_101,inbound,WEEKDAY,11:40,12:10,stop_route_101_018_in,stop_route_101_001_in,30,
trip_101_ib_1200,route_101,inbound,WEEKDAY,12:00,12:30,stop_route_101_018_in,stop_route_101_001_in,30,
trip_101_ib_1220,route_101,inbound,WEEKDAY,12:20,12:50,stop_route_101_018_in,stop_route_101_001_in,30,
trip_101_ib_1240,route_101,inbound,WEEKDAY,12:40,13:10,stop_route_101_018_in,stop_route_101_001_in,30,
trip_101_ib_1300,route_101,inbound,WEEKDAY,13:00,13:30,stop_route_101_018_in,stop_route_101_001_in,30,
trip_101_ib_1320,route_101,inbound,WEEKDAY,13:20,13:50,stop_route_101_018_in,stop_route_101_001_in,30,
trip_101_ib_1340,route_101,inbound,WEEKDAY,13:40,14:10,stop_route_101_018_in,stop_route_101_001_in,30,
trip_101_ib_1400,route_101,inbound,WEEKDAY,14:00,14:30,stop_route_101_018_in,stop_route_101_001_in,30,
trip_101_ib_1420,route_101,inbound,WEEKDAY,14:20,14:50,stop_route_101_018_in,stop_route_101_001_in,30,
trip_101_ib_1440,route_101,inbound,WEEKDAY,14:40,15:10,stop_route_101_018_in,stop_route_101_001_in,30,
trip_101_ib_1500,route_101,inbound,WEEKDAY,15:00,15:30,stop_route_101_018_in,stop_route_101_001_in,30,
trip_101_ib_1520,route_101,inbound,WEEKDAY,15:20,15:50,stop_route_101_018_in,stop_route_101_001_in,30,
trip_101_ib_1540,route_101,inbound,WEEKDAY,15:40,16:10,stop_route_101_018_in,stop_route_101_001_in,30,
trip_101_ib_1600,route_101,inbound,WEEKDAY,16:00,16:30,stop_route_101_018_in,stop_route_101_001_in,30,
trip_101_ib_1620,route_101,inbound,WEEKDAY,16:20,16:50,stop_route_101_018_in,stop_route_101_001_in,30,
trip_101_ib_1640,route_101,inbound,WEEKDAY,16:40,17:10,stop_route_101_018_in,stop_route_101_001_in,30,
trip_101_ib_1700,route_101,inbound,WEEKDAY,17:00,17:30,stop_route_101_018_in,stop_route_101_001_in,30,
trip_101_ib_1710,route_101,inbound,WEEKDAY,17:10,17:40,stop_route_101_018_in,stop_route_101_001_in,30,
trip_101_ib_1720,route_101,inbound,WEEKDAY,17:20,17:50,stop_route_101_018_in,stop_route_101_001_in,30,
trip_101_ib_1730,route_101,inbound,WEEKDAY,17:30,18:00,stop_route_101_018_in,stop_route_101_001_in,30,
trip_101_ib_1740,route_101,inbound,WEEKDAY,17:40,18:10,stop_route_101_018_in,stop_route_101_001_in,30,
trip_101_ib_1750,route_101,inbound,WEEKDAY,17:50,18:20,stop_route_101_018_in,stop_route_101_001_in,30,
trip_101_ib_1800,route_101,inbound,WEEKDAY,18:00,18:30,stop_route_101_018_in,stop_route_101_001_in,30,
trip_101_ib_1810,route_101,inbound,WEEKDAY,18:10,18:40,stop_route_101_018_in,stop_route_101_001_in,30,
trip_101_ib_1820,route_101,inbound,WEEKDAY,18:20,18:50,stop_route_101_018_in,stop_route_101_001_in,30,
trip_101_ib_1830,route_101,inbound,WEEKDAY,18:30,19:00,stop_route_101_018_in,stop_route_101_001_in,30,
trip_101_ib_1840,route_101,inbound,WEEKDAY,18:40,19:10,stop_route_101_018_in,stop_route_101_001_in,30,
trip_101_ib_1850,route_101,inbound,WEEKDAY,18:50,19:20,stop_route_101_018_in,stop_route_101_001_in,30,
trip_101_ib_1900,route_101,inbound,WEEKDAY,19:00,19:30,stop_route_101_018_in,stop_route_101_001_in,30,
trip_101_ib_1910,route_101,inbound,WEEKDAY,19:10,19:40,stop_route_101_018_in,stop_route_101_001_in,30,
trip_101_ib_1920,route_101,inbound,WEEKDAY,19:20,19:50,stop_route_101_018_in,stop_route_101_001_in,30,
trip_101_ib_1930,route_101,inbound,WEEKDAY,19:30,20:00,stop_route_101_018_in,stop_route_101_001_in,30,
trip_101_ib_1940,route_101,inbound,WEEKDAY,19:40,20:10,stop_route_101_018_in,stop_route_101_001_in,30,
trip_101_ib_1950,route_101,inbound,WEEKDAY,19:50,20:20,stop_route_101_018_in,stop_route_101_001_in,30,
trip_101_ib_2000,route_101,inbound,WEEKDAY,20:00,20:30,stop_route_101_018_in,stop_route_101_001_in,30,
trip_101_ib_2030,route_101,inbound,WEEKDAY,20:30,21:00,stop_route_101_018_in,stop_route_101_001_in,30,
trip_101_ib_2100,route_101,inbound,WEEKDAY,21:00,21:30,stop_route_101_018_in,stop_route_101_001_in,30,
trip_101_ib_2130,route_101,inbound,WEEKDAY,21:30,22:00,stop_route_101_018_in,stop_route_101_001_in,30,
trip_101_ib_2200,route_101,inbound,WEEKDAY,22:00,22:30,stop_route_101_018_in,stop_route_101_001_in,30,
trip_101_ob_sat_0700,route_101,outbound,SAT,07:00,07:30,stop_route_101_001,stop_route_101_018,30,
trip_101_ib_sat_0700,route_101,inbound,SAT,07:00,07:30,stop_route_101_018_in,stop_route_101_001_in,30,
trip_101_ob_sat_0720,route_101,outbound,SAT,07:20,07:50,stop_route_101_001,stop_route_101_018,30,
trip_101_ib_sat_0720,route_101,inbound,SAT,07:20,07:50,stop_route_101_018_in,stop_route_101_001_in,30,
trip_101_ob_sat_0740,route_101,outbound,SAT,07:40,08:10,stop_route_101_001,stop_route_101_018,30,
trip_101_ib_sat_0740,route_101,inbound,SAT,07:40,08:10,stop_route_101_018_in,stop_route_101_001_in,30,
trip_101_ob_sat_0800,route_101,outbound,SAT,08:00,08:30,stop_route_101_001,stop_route_101_018,30,
trip_101_ib_sat_0800,route_101,inbound,SAT,08:00,08:30,stop_route_101_018_in,stop_route_101_001_in,30,
trip_101_ob_sat_0820,route_101,outbound,SAT,08:20,08:50,stop_route_101_001,stop_route_101_018,30,
trip_101_ib_sat_0820,route_101,inbound,SAT,08:20,08:50,stop_route_101_018_in,stop_route_101_001_in,30,
trip_101_ob_sat_0840,route_101,outbound,SAT,08:40,09:10,stop_route_101_001,stop_route_101_018,30,
trip_101_ib_sat_0840,route_101,inbound,SAT,08:40,09:10,stop_route_101_018_in,stop_route_101_001_in,30,
trip_101_ob_sat_0900,route_101,outbound,SAT,09:00,09:30,stop_route_101_001,stop_route_101_018,30,
trip_101_ib_sat_0900,route_101,inbound,SAT,09:00,09:30,stop_route_101_018_in,stop_route_101_001_in,30,
trip_101_ob_sat_0920,route_101,outbound,SAT,09:20,09:50,stop_route_101_001,stop_route_101_018,30,
trip_101_ib_sat_0920,route_101,inbound,SAT,09:20,09:50,stop_route_101_018_in,stop_route_101_001_in,30,
trip_101_ob_sat_0940,route_101,outbound,SAT,09:40,10:10,stop_route_101_001,stop_route_101_018,30,
trip_101_ib_sat_0940,route_101,inbound,SAT,09:40,10:10,stop_route_101_018_in,stop_route_101_001_in,30,
trip_101_ob_sat_1000,route_101,outbound,SAT,10:00,10:30,stop_route_101_001,stop_route_101_018,30,
trip_101_ib_sat_1000,route_101,inbound,SAT,10:00,10:30,stop_route_101_018_in,stop_route_101_001_in,30,
trip_101_ob_sat_1020,route_101,outbound,SAT,10:20,10:50,stop_route_101_001,stop_route_101_018,30,
trip_101_ib_sat_1020,route_101,inbound,SAT,10:20,10:50,stop_route_101_018_in,stop_route_101_001_in,30,
trip_101_ob_sat_1040,route_101,outbound,SAT,10:40,11:10,stop_route_101_001,stop_route_101_018,30,
trip_101_ib_sat_1040,route_101,inbound,SAT,10:40,11:10,stop_route_101_018_in,stop_route_101_001_in,30,
trip_101_ob_sat_1100,route_101,outbound,SAT,11:00,11:30,stop_route_101_001,stop_route_101_018,30,
trip_101_ib_sat_1100,route_101,inbound,SAT,11:00,11:30,stop_route_101_018_in,stop_route_101_001_in,30,
trip_101_ob_sat_1120,route_101,outbound,SAT,11:20,11:50,stop_route_101_001,stop_route_101_018,30,
trip_101_ib_sat_1120,route_101,inbound,SAT,11:20,11:50,stop_route_101_018_in,stop_route_101_001_in,30,
trip_101_ob_sat_1140,route_101,outbound,SAT,11:40,12:10,stop_route_101_001,stop_route_101_018,30,
trip_101_ib_sat_1140,route_101,inbound,SAT,11:40,12:10,stop_route_101_018_in,stop_route_101_001_in,30,
trip_101_ob_sat_1200,route_101,outbound,SAT,12:00,12:30,stop_route_101_001,stop_route_101_018,30,
trip_101_ib_sat_1200,route_101,inbound,SAT,12:00,12:30,stop_route_101_018_in,stop_route_101_001_in,30,
trip_101_ob_sat_1220,route_101,outbound,SAT,12:20,12:50,stop_route_101_001,stop_route_101_018,30,
trip_101_ib_sat_1220,route_101,inbound,SAT,12:20,12:50,stop_route_101_018_in,stop_route_101_001_in,30,
trip_101_ob_sat_1240,route_101,outbound,SAT,12:40,13:10,stop_route_101_001,stop_route_101_018,30,
trip_101_ib_sat_1240,route_101,inbound,SAT,12:40,13:10,stop_route_101_018_in,stop_route_101_001_in,30,
trip_101_ob_sat_1300,route_101,outbound,SAT,13:00,13:30,stop_route_101_001,stop_route_101_018,30,
trip_101_ib_sat_1300,route_101,inbound,SAT,13:00,13:30,stop_route_101_018_in,stop_route_101_001_in,30,
trip_101_ob_sat_1320,route_101,outbound,SAT,13:20,13:50,stop_route_101_001,stop_route_101_018,30,
trip_101_ib_sat_1320,route_101,inbound,SAT,13:20,13:50,stop_route_101_018_in,stop_route_101_001_in,30,
trip_101_ob_sat_1340,route_101,outbound,SAT,13:40,14:10,stop_route_101_001,stop_route_101_018,30,
trip_101_ib_sat_1340,route_101,inbound,SAT,13:40,14:10,stop_route_101_018_in,stop_route_101_001_in,30,
trip_101_ob_sat_1400,route_101,outbound,SAT,14:00,14:30,stop_route_101_001,stop_route_101_018,30,
trip_101_ib_sat_1400,route_101,inbound,SAT,14:00,14:30,stop_route_101_018_in,stop_route_101_001_in,30,
trip_101_ob_sat_1420,route_101,outbound,SAT,14:20,14:50,stop_route_101_001,stop_route_101_018,30,
trip_101_ib_sat_1420,route_101,inbound,SAT,14:20,14:50,stop_route_101_018_in,stop_route_101_001_in,30,
trip_101_ob_sat_1440,route_101,outbound,SAT,14:40,15:10,stop_route_101_001,stop_route_101_018,30,
trip_101_ib_sat_1440,route_101,inbound,SAT,14:40,15:10,stop_route_101_018_in,stop_route_101_001_in,30,
trip_101_ob_sat_1500,route_101,outbound,SAT,15:00,15:30,stop_route_101_001,stop_route_101_018,30,
trip_101_ib_sat_1500,route_101,inbound,SAT,15:00,15:30,stop_route_101_018_in,stop_route_101_001_in,30,
trip_101_ob_sat_1520,route_101,outbound,SAT,15:20,15:50,stop_route_101_001,stop_route_101_018,30,
trip_101_ib_sat_1520,route_101,inbound,SAT,15:20,15:50,stop_route_101_018_in,stop_route_101_001_in,30,
trip_101_ob_sat_1540,route_101,outbound,SAT,15:40,16:10,stop_route_101_001,stop_route_101_018,30,
trip_101_ib_sat_1540,route_101,inbound,SAT,15:40,16:10,stop_route_101_018_in,stop_route_101_001_in,30,
trip_101_ob_sat_1600,route_101,outbound,SAT,16:00,16:30,stop_route_101_001,stop_route_101_018,30,
trip_101_ib_sat_1600,route_101,inbound,SAT,16:00,16:30,stop_route_101_018_in,stop_route_101_001_in,30,
trip_101_ob_sat_1620,route_101,outbound,SAT,16:20,16:50,stop_route_101_001,stop_route_101_018,30,
trip_101_ib_sat_1620,route_101,inbound,SAT,16:20,16:50,stop_route_101_018_in,stop_route_101_001_in,30,
trip_101_ob_sat_1640,route_101,outbound,SAT,16:40,17:10,stop_route_101_001,stop_route_101_018,30,
trip_101_ib_sat_1640,route_101,inbound,SAT,16:40,17:10,stop_route_101_018_in,stop_route_101_001_in,30,
trip_101_ob_sat_1700,route_101,outbound,SAT,17:00,17:30,stop_route_101_001,stop_route_101_018,30,
trip_101_ib_sat_1700,route_101,inbound,SAT,17:00,17:30,stop_route_101_018_in,stop_route_101_001_in,30,
trip_101_ob_sat_1720,route_101,outbound,SAT,17:20,17:50,stop_route_101_001,stop_route_101_018,30,
trip_101_ib_sat_1720,route_101,inbound,SAT,17:20,17:50,stop_route_101_018_in,stop_route_101_001_in,30,
trip_101_ob_sat_1740,route_101,outbound,SAT,17:40,18:10,stop_route_101_001,stop_route_101_018,30,
trip_101_ib_sat_1740,route_101,inbound,SAT,17:40,18:10,stop_route_101_018_in,stop_route_101_001_in,30,
trip_101_ob_sat_1800,route_101,outbound,SAT,18:00,18:30,stop_route_101_001,stop_route_101_018,30,
trip_101_ib_sat_1800,route_101,inbound,SAT,18:00,18:30,stop_route_101_018_in,stop_route_101_001_in,30,
trip_101_ob_sat_1820,route_101,outbound,SAT,18:20,18:50,stop_route_101_001,stop_route_101_018,30,
trip_101_ib_sat_1820,route_101,inbound,SAT,18:20,18:50,stop_route_101_018_in,stop_route_101_001_in,30,
trip_101_ob_sat_1840,route_101,outbound,SAT,18:40,19:10,stop_route_101_001,stop_route_101_018,30,
trip_101_ib_sat_1840,route_101,inbound,SAT,18:40,19:10,stop_route_101_018_in,stop_route_101_001_in,30,
trip_101_ob_sat_1900,route_101,outbound,SAT,19:00,19:30,stop_route_101_001,stop_route_101_018,30,
trip_101_ib_sat_1900,route_101,inbound,SAT,19:00,19:30,stop_route_101_018_in,stop_route_101_001_in,30,
trip_101_ob_sat_1920,route_101,outbound,SAT,19:20,19:50,stop_route_101_001,stop_route_101_018,30,
trip_101_ib_sat_1920,route_101,inbound,SAT,19:20,19:50,stop_route_101_018_in,stop_route_101_001_in,30,
trip_101_ob_sat_1940,route_101,outbound,SAT,19:40,20:10,stop_route_101_001,stop_route_101_018,30,
trip_101_ib_sat_1940,route_101,inbound,SAT,19:40,20:10,stop_route_101_018_in,stop_route_101_001_in,30,
trip_101_ob_sat_2000,route_101,outbound,SAT,20:00,20:30,stop_route_101_001,stop_route_101_018,30,
trip_101_ib_sat_2000,route_101,inbound,SAT,20:00,20:30,stop_route_101_018_in,stop_route_101_001_in,30,
trip_101_ob_sat_2020,route_101,outbound,SAT,20:20,20:50,stop_route_101_001,stop_route_101_018,30,
trip_101_ib_sat_2020,route_101,inbound,SAT,20:20,20:50,stop_route_101_018_in,stop_route_101_001_in,30,
trip_101_ob_sat_2040,route_101,outbound,SAT,20:40,21:10,stop_route_101_001,stop_route_101_018,30,
trip_101_ib_sat_2040,route_101,inbound,SAT,20:40,21:10,stop_route_101_018_in,stop_route_101_001_in,30,
trip_101_ob_sat_2100,route_101,outbound,SAT,21:00,21:30,stop_route_101_001,stop_route_101_018,30,
trip_101_ib_sat_2100,route_101,inbound,SAT,21:00,21:30,stop_route_101_018_in,stop_route_101_001_in,30,
trip_101_ob_sat_2120,route_101,outbound,SAT,21:20,21:50,stop_route_101_001,stop_route_101_018,30,
trip_101_ib_sat_2120,route_101,inbound,SAT,21:20,21:50,stop_route_101_018_in,stop_route_101_001_in,30,
trip_101_ob_sat_2140,route_101,outbound,SAT,21:40,22:10,stop_route_101_001,stop_route_101_018,30,
trip_101_ib_sat_2140,route_101,inbound,SAT,21:40,22:10,stop_route_101_018_in,stop_route_101_001_in,30,
trip_101_ob_sat_2200,route_101,outbound,SAT,22:00,22:30,stop_route_101_001,stop_route_101_018,30,
trip_101_ib_sat_2200,route_101,inbound,SAT,22:00,22:30,stop_route_101_018_in,stop_route_101_001_in,30,
trip_101_ob_sun_0800,route_101,outbound,SUN_HOL,08:00,08:30,stop_route_101_001,stop_route_101_018,30,
trip_101_ib_sun_0800,route_101,inbound,SUN_HOL,08:00,08:30,stop_route_101_018_in,stop_route_101_001_in,30,
trip_101_ob_sun_0830,route_101,outbound,SUN_HOL,08:30,09:00,stop_route_101_001,stop_route_101_018,30,
trip_101_ib_sun_0830,route_101,inbound,SUN_HOL,08:30,09:00,stop_route_101_018_in,stop_route_101_001_in,30,
trip_101_ob_sun_0900,route_101,outbound,SUN_HOL,09:00,09:30,stop_route_101_001,stop_route_101_018,30,
trip_101_ib_sun_0900,route_101,inbound,SUN_HOL,09:00,09:30,stop_route_101_018_in,stop_route_101_001_in,30,
trip_101_ob_sun_0930,route_101,outbound,SUN_HOL,09:30,10:00,stop_route_101_001,stop_route_101_018,30,
trip_101_ib_sun_0930,route_101,inbound,SUN_HOL,09:30,10:00,stop_route_101_018_in,stop_route_101_001_in,30,
trip_101_ob_sun_1000,route_101,outbound,SUN_HOL,10:00,10:30,stop_route_101_001,stop_route_101_018,30,
trip_101_ib_sun_1000,route_101,inbound,SUN_HOL,10:00,10:30,stop_route_101_018_in,stop_route_101_001_in,30,
trip_101_ob_sun_1030,route_101,outbound,SUN_HOL,10:30,11:00,stop_route_101_001,stop_route_101_018,30,
trip_101_ib_sun_1030,route_101,inbound,SUN_HOL,10:30,11:00,stop_route_101_018_in,stop_route_101_001_in,30,
trip_101_ob_sun_1100,route_101,outbound,SUN_HOL,11:00,11:30,stop_route_101_001,stop_route_101_018,30,
trip_101_ib_sun_1100,route_101,inbound,SUN_HOL,11:00,11:30,stop_route_101_018_in,stop_route_101_001_in,30,
trip_101_ob_sun_1130,route_101,outbound,SUN_HOL,11:30,12:00,stop_route_101_001,stop_route_101_018,30,
trip_101_ib_sun_1130,route_101,inbound,SUN_HOL,11:30,12:00,stop_route_101_018_in,stop_route_101_001_in,30,
trip_101_ob_sun_1200,route_101,outbound,SUN_HOL,12:00,12:30,stop_route_101_001,stop_route_101_018,30,
trip_101_ib_sun_1200,route_101,inbound,SUN_HOL,12:00,12:30,stop_route_101_018_in,stop_route_101_001_in,30,
trip_101_ob_sun_1230,route_101,outbound,SUN_HOL,12:30,13:00,stop_route_101_001,stop_route_101_018,30,
trip_101_ib_sun_1230,route_101,inbound,SUN_HOL,12:30,13:00,stop_route_101_018_in,stop_route_101_001_in,30,
trip_101_ob_sun_1300,route_101,outbound,SUN_HOL,13:00,13:30,stop_route_101_001,stop_route_101_018,30,
trip_101_ib_sun_1300,route_101,inbound,SUN_HOL,13:00,13:30,stop_route_101_018_in,stop_route_101_001_in,30,
trip_101_ob_sun_1330,route_101,outbound,SUN_HOL,13:30,14:00,stop_route_101_001,stop_route_101_018,30,
trip_101_ib_sun_1330,route_101,inbound,SUN_HOL,13:30,14:00,stop_route_101_018_in,stop_route_101_001_in,30,
trip_101_ob_sun_1400,route_101,outbound,SUN_HOL,14:00,14:30,stop_route_101_001,stop_route_101_018,30,
trip_101_ib_sun_1400,route_101,inbound,SUN_HOL,14:00,14:30,stop_route_101_018_in,stop_route_101_001_in,30,
trip_101_ob_sun_1430,route_101,outbound,SUN_HOL,14:30,15:00,stop_route_101_001,stop_route_101_018,30,
trip_101_ib_sun_1430,route_101,inbound,SUN_HOL,14:30,15:00,stop_route_101_018_in,stop_route_101_001_in,30,
trip_101_ob_sun_1500,route_101,outbound,SUN_HOL,15:00,15:30,stop_route_101_001,stop_route_101_018,30,
trip_101_ib_sun_1500,route_101,inbound,SUN_HOL,15:00,15:30,stop_route_101_018_in,stop_route_101_001_in,30,
trip_101_ob_sun_1530,route_101,outbound,SUN_HOL,15:30,16:00,stop_route_101_001,stop_route_101_018,30,
trip_101_ib_sun_1530,route_101,inbound,SUN_HOL,15:30,16:00,stop_route_101_018_in,stop_route_101_001_in,30,
trip_101_ob_sun_1600,route_101,outbound,SUN_HOL,16:00,16:30,stop_route_101_001,stop_route_101_018,30,
trip_101_ib_sun_1600,route_101,inbound,SUN_HOL,16:00,16:30,stop_route_101_018_in,stop_route_101_001_in,30,
trip_101_ob_sun_1630,route_101,outbound,SUN_HOL,16:30,17:00,stop_route_101_001,stop_route_101_018,30,
trip_101_ib_sun_1630,route_101,inbound,SUN_HOL,16:30,17:00,stop_route_101_018_in,stop_route_101_001_in,30,
trip_101_ob_sun_1700,route_101,outbound,SUN_HOL,17:00,17:30,stop_route_101_001,stop_route_101_018,30,
trip_101_ib_sun_1700,route_101,inbound,SUN_HOL,17:00,17:30,stop_route_101_018_in,stop_route_101_001_in,30,
trip_101_ob_sun_1730,route_101,outbound,SUN_HOL,17:30,18:00,stop_route_101_001,stop_route_101_018,30,
trip_101_ib_sun_1730,route_101,inbound,SUN_HOL,17:30,18:00,stop_route_101_018_in,stop_route_101_001_in,30,
trip_101_ob_sun_1800,route_101,outbound,SUN_HOL,18:00,18:30,stop_route_101_001,stop_route_101_018,30,
trip_101_ib_sun_1800,route_101,inbound,SUN_HOL,18:00,18:30,stop_route_101_018_in,stop_route_101_001_in,30,
trip_101_ob_sun_1830,route_101,outbound,SUN_HOL,18:30,19:00,stop_route_101_001,stop_route_101_018,30,
trip_101_ib_sun_1830,route_101,inbound,SUN_HOL,18:30,19:00,stop_route_101_018_in,stop_route_101_001_in,30,
trip_101_ob_sun_1900,route_101,outbound,SUN_HOL,19:00,19:30,stop_route_101_001,stop_route_101_018,30,
trip_101_ib_sun_1900,route_101,inbound,SUN_HOL,19:00,19:30,stop_route_101_018_in,stop_route_101_001_in,30,
trip_101_ob_sun_1930,route_101,outbound,SUN_HOL,19:30,20:00,stop_route_101_001,stop_route_101_018,30,
trip_101_ib_sun_1930,route_101,inbound,SUN_HOL,19:30,20:00,stop_route_101_018_in,stop_route_101_001_in,30,
trip_101_ob_sun_2000,route_101,outbound,SUN_HOL,20:00,20:30,stop_route_101_001,stop_route_101_018,30,
trip_101_ib_sun_2000,route_101,inbound,SUN_HOL,20:00,20:30,stop_route_101_018_in,stop_route_101_001_in,30,
trip_101_ob_sun_2030,route_101,outbound,SUN_HOL,20:30,21:00,stop_route_101_001,stop_route_101_018,30,
trip_101_ib_sun_2030,route_101,inbound,SUN_HOL,20:30,21:00,stop_route_101_018_in,stop_route_101_001_in,30,
trip_101_ob_sun_2100,route_101,outbound,SUN_HOL,21:00,21:30,stop_route_101_001,stop_route_101_018,30,
trip_101_ib_sun_2100,route_101,inbound,SUN_HOL,21:00,21:30,stop_route_101_018_in,stop_route_101_001_in,30,
